{"histogram_adjust": {"APP": 0.4110375165939331, "API": 0.4110375165939331, "type": "total", "APPPI": 0.020551875829696656, "longest": 0.5231919288635254}, "save_files": {"APP": 0.030652040243148805, "API": 0.24521632194519044, "type": "io", "APPPI": 0.0015326020121574403, "longest": 0.1723010540008545}, "widim_gpu": {"APP": 12.351253736019135, "API": 12.351253736019135, "type": "total", "APPPI": 0.6175626868009567, "longest": 12.899627923965454}, "replace_outliers": {"APP": 10.934319114685058, "API": 10.934319114685058, "type": "total", "APPPI": 0.5467159557342529, "longest": 11.59917402267456}}{"histogram_adjust": {"APP": 0.5081653594970703, "API": 0.20326614379882812, "type": "total", "APPPI": 0.010163307189941406, "longest": 0.27707886695861816}, "save_files": {"APP": 0.01359165906906128, "API": 0.043493309020996095, "type": "io", "APPPI": 0.0002718331813812256, "longest": 0.012866020202636719}, "widim_gpu": {"APP": 21.190699422359465, "API": 8.476279768943787, "type": "total", "APPPI": 0.4238139884471893, "longest": 14.073352098464966}, "replace_outliers": {"APP": 30.55385982990265, "API": 12.22154393196106, "type": "total", "APPPI": 0.6110771965980529, "longest": 13.04420804977417}}{"histogram_adjust": {"APP": 1.126995813846588, "API": 0.22539916276931762, "type": "total", "APPPI": 0.011269958138465881, "longest": 0.465717077255249}, "save_files": {"APP": 0.03989420384168625, "API": 0.06383072614669799, "type": "io", "APPPI": 0.0003989420384168625, "longest": 0.22506499290466309}, "widim_gpu": {"APP": 22.71547394990921, "API": 4.543094789981842, "type": "total", "APPPI": 0.2271547394990921, "longest": 12.85617995262146}, "replace_outliers": {"APP": 55.12578725814819, "API": 11.025157451629639, "type": "total", "APPPI": 0.551257872581482, "longest": 11.26275110244751}}{"histogram_adjust": {"APP": 3.1240155935287475, "API": 0.3124015593528748, "type": "total", "APPPI": 0.015620077967643737, "longest": 0.99977707862854}, "save_files": {"APP": 0.21123627424240113, "API": 0.1689890193939209, "type": "io", "APPPI": 0.0010561813712120056, "longest": 0.35297608375549316}, "widim_gpu": {"APP": 34.44574962854385, "API": 3.4445749628543854, "type": "total", "APPPI": 0.17222874814271927, "longest": 13.288611888885498}, "replace_outliers": {"APP": 110.58247026205063, "API": 11.058247026205063, "type": "total", "APPPI": 0.5529123513102532, "longest": 12.190417051315308}}{"histogram_adjust": {"APP": 10.892042088508607, "API": 0.43568168354034426, "type": "total", "APPPI": 0.021784084177017212, "longest": 1.399616003036499}, "save_files": {"APP": 0.8198434859514236, "API": 0.2623499155044556, "type": "io", "APPPI": 0.0016396869719028473, "longest": 0.5026190280914307}, "widim_gpu": {"APP": 69.3590518951416, "API": 2.774362075805664, "type": "total", "APPPI": 0.1387181037902832, "longest": 12.325646877288818}, "replace_outliers": {"APP": 276.99450050592424, "API": 11.079780020236969, "type": "total", "APPPI": 0.5539890010118484, "longest": 12.418644189834595}}{"histogram_adjust": {"APP": 1.5926886558532716, "API": 0.15926886558532716, "type": "total", "APPPI": 0.015926886558532714, "longest": 0.3936920166015625}, "save_files": {"APP": 0.0704569548368454, "API": 0.05636556386947632, "type": "io", "APPPI": 0.000704569548368454, "longest": 0.21464800834655762}, "widim_gpu": {"APP": 30.35380129814148, "API": 3.035380129814148, "type": "total", "APPPI": 0.3035380129814148, "longest": 11.47886610031128}, "replace_outliers": {"APP": 109.31327013969421, "API": 10.93132701396942, "type": "total", "APPPI": 1.093132701396942, "longest": 10.38846492767334}}{"histogram_adjust": {"APP": 0.943154489994049, "API": 0.1886308979988098, "type": "total", "APPPI": 0.00943154489994049, "longest": 0.2733311653137207}, "save_files": {"APP": 0.03454848080873489, "API": 0.05527756929397583, "type": "io", "APPPI": 0.0003454848080873489, "longest": 0.12109994888305664}, "widim_gpu": {"APP": 23.14241906404495, "API": 4.628483812808991, "type": "total", "APPPI": 0.2314241906404495, "longest": 13.543144941329956}, "replace_outliers": {"APP": 60.32503165006638, "API": 12.065006330013276, "type": "total", "APPPI": 0.6032503165006637, "longest": 12.563951015472412}}